/*
DELETE FROM SHP_SHIPMENT;
DELETE FROM SHP_CGO_MVMT_SPEC;
DELETE FROM SHP_CGO_SPEC;
DELETE FROM SHP_EQP_EVENT;
DELETE FROM SHP_CGO_MVMT_RTE;

DROP TABLE SHP_SHIPMENT;
DROP TABLE SHP_CGO_MVMT_SPEC;
DROP TABLE SHP_CGO_SPEC;
DROP TABLE SHP_EQP_EVENT;
DROP TABLE SHP_CGO_MVMT_RTE;
DROP TABLE SHP_CGO_MVMT_LEG;
DROP TABLE SHP_CGO_MVMT_PT;
*/

CREATE TABLE MNL_SHP_SHIPMENT (
	shipment_num varchar2(20 char) NOT NULL PRIMARY KEY,
	status varchar2(20 char),
	create_iodt varchar2(20 char),
	update_iodt varchar2(20 char)
);

CREATE TABLE MNL_SHP_CMS (
    cms_ref_num varchar2(10 char) NOT NULL PRIMARY KEY,
    shipment_num varchar2(20 char),
    cntr_num varchar2(10 char),
    size_type varchar2(4 char),
    rte_id varchar2(20 char),
    wt_magnitude number(10,0),
    create_iodt varchar2(20 char),
    update_iodt varchar2(20 char)    
);

CREATE TABLE MNL_SHP_CGO (
	cgo_id varchar2(10 char) NOT NULL PRIMARY KEY,
  	cms_ref_num varchar2(10 char),
	cgo_desc varchar2(100 char),
	create_iodt varchar2(20 char),
	update_iodt varchar2(20 char)	
);

CREATE TABLE MNL_SHP_RTE (
	rte_id varchar2(20 char) NOT NULL PRIMARY KEY,
	nsso_rte_id varchar2(20 char),
	create_iodt varchar2(20 char),
	update_iodt varchar2(20 char)
);

CREATE TABLE MNL_SHP_LEG (
	leg_id varchar2(20 char) NOT NULL PRIMARY KEY,
	rte_id varchar2(20 char),
	sr_num varchar2(30 char),
	from_event_id varchar2(20 char),
	to_event_id varchar2(20 char),
	create_iodt varchar2(20 char),
	update_iodt varchar2(20 char)
);

CREATE TABLE MNL_SHP_EVENT (
	event_id varchar2(20 char) NOT NULL PRIMARY KEY,
	eqp_id number(19,0),
	create_iodt varchar2(20 char),
	update_iodt varchar2(20 char)
);

CREATE TABLE MNL_SHP_SR (
	sr_num varchar2(30 char) NOT NULL PRIMARY KEY,
	order_id number(19,0),
	create_iodt varchar2(20 char),
	update_iodt varchar2(20 char)
);

--Alter table for foreign key
ALTER TABLE MNL_SHP_CMS ADD FOREIGN KEY (shipment_num) REFERENCES MNL_SHP_SHIPMENT(shipment_num); 
ALTER TABLE MNL_SHP_CMS ADD FOREIGN KEY (rte_id) REFERENCES MNL_SHP_RTE(rte_id); 
ALTER TABLE MNL_SHP_CGO ADD FOREIGN KEY (cms_ref_num) REFERENCES MNL_SHP_CMS(cms_ref_num); 
ALTER TABLE MNL_SHP_RTE ADD FOREIGN KEY (nsso_rte_id) REFERENCES MNL_SSO_ROUTE(route_id);
ALTER TABLE MNL_SHP_LEG ADD FOREIGN KEY (rte_id) REFERENCES MNL_SHP_RTE(rte_id); 
ALTER TABLE MNL_SHP_LEG ADD FOREIGN KEY (sr_num) REFERENCES MNL_SHP_SR(sr_num); 
ALTER TABLE MNL_SHP_LEG ADD FOREIGN KEY (from_event_id) REFERENCES MNL_SHP_EVENT(event_id); 
ALTER TABLE MNL_SHP_LEG ADD FOREIGN KEY (to_event_id) REFERENCES MNL_SHP_EVENT(event_id);
ALTER TABLE MNL_SHP_EVENT ADD FOREIGN KEY (eqp_id) REFERENCES MNL_OPS_EQP_EVENTS(event_id); 
ALTER TABLE MNL_SHP_SR ADD FOREIGN KEY (order_id) REFERENCES MNL_ORDER(order_id); 

--Insert SHP_SHIPMENT data
INSERT INTO MNL_SHP_SHIPMENT (shipment_num, status, create_iodt, update_iodt) 
VALUES ('4041001020','Pended',CONCAT(TO_CHAR(SYSDATE,'YYYYMMDDHH24MISS'),'.000'),CONCAT(TO_CHAR(SYSDATE,'YYYYMMDDHH24MISS'),'.000'));
INSERT INTO MNL_SHP_SHIPMENT (shipment_num, status, create_iodt, update_iodt) 
VALUES ('4041001030','Confirmed',CONCAT(TO_CHAR(SYSDATE,'YYYYMMDDHH24MISS'),'.000'),CONCAT(TO_CHAR(SYSDATE,'YYYYMMDDHH24MISS'),'.000'));
INSERT INTO MNL_SHP_SHIPMENT (shipment_num, status, create_iodt, update_iodt) 
VALUES ('4041001040','Pended',CONCAT(TO_CHAR(SYSDATE,'YYYYMMDDHH24MISS'),'.000'),CONCAT(TO_CHAR(SYSDATE,'YYYYMMDDHH24MISS'),'.000'));

--Insert SHP_CGO_MVMT_SPEC data
INSERT INTO MNL_SHP_CMS (cms_ref_num,cntr_num,size_type,wt_magnitude,create_iodt,update_iodt,shipment_num) 
VALUES ('1QF34TA','OOLU882563','20GP',15000,CONCAT(TO_CHAR(SYSDATE,'YYYYMMDDHH24MISS'),'.000'),CONCAT(TO_CHAR(SYSDATE,'YYYYMMDDHH24MISS'),'.000'),'4041001020');
INSERT INTO MNL_SHP_CMS (cms_ref_num,cntr_num,size_type,wt_magnitude,create_iodt,update_iodt,shipment_num) 
VALUES ('4GR45YA','OOLU370351','20GP',20000,CONCAT(TO_CHAR(SYSDATE,'YYYYMMDDHH24MISS'),'.000'),CONCAT(TO_CHAR(SYSDATE,'YYYYMMDDHH24MISS'),'.000'),'4041001040');
INSERT INTO MNL_SHP_CMS (cms_ref_num,cntr_num,size_type,wt_magnitude,create_iodt,update_iodt,shipment_num) 
VALUES ('4BGQEYA','TCLU176759','20GP',10000,CONCAT(TO_CHAR(SYSDATE,'YYYYMMDDHH24MISS'),'.000'),CONCAT(TO_CHAR(SYSDATE,'YYYYMMDDHH24MISS'),'.000'),'4041001030');

--Insert SHP_CGO_SPEC data
INSERT INTO MNL_SHP_CGO (cgo_id,cgo_desc,create_iodt,update_iodt,cms_ref_num) 
VALUES (2145251513,'Apples',CONCAT(TO_CHAR(SYSDATE,'YYYYMMDDHH24MISS'),'.000'),CONCAT(TO_CHAR(SYSDATE,'YYYYMMDDHH24MISS'),'.000'),'1QF34TA');
INSERT INTO MNL_SHP_CGO (cgo_id,cgo_desc,create_iodt,update_iodt,cms_ref_num) 
VALUES (2145948313,'Car',CONCAT(TO_CHAR(SYSDATE,'YYYYMMDDHH24MISS'),'.000'),CONCAT(TO_CHAR(SYSDATE,'YYYYMMDDHH24MISS'),'.000'),'4GR45YA');
INSERT INTO MNL_SHP_CGO (cgo_id,cgo_desc,create_iodt,update_iodt,cms_ref_num) 
VALUES (2145248713,'Mobile',CONCAT(TO_CHAR(SYSDATE,'YYYYMMDDHH24MISS'),'.000'),CONCAT(TO_CHAR(SYSDATE,'YYYYMMDDHH24MISS'),'.000'),'4BGQEYA');

--Insert SHP_EQP_EVENT data
INSERT INTO MNL_SHP_EVENT VALUES('1',30000116945830,CONCAT(TO_CHAR(SYSDATE,'YYYYMMDDHH24MISS'),'.000'),CONCAT(TO_CHAR(SYSDATE,'YYYYMMDDHH24MISS'),'.000'));
INSERT INTO MNL_SHP_EVENT VALUES('2',30000116945854,CONCAT(TO_CHAR(SYSDATE,'YYYYMMDDHH24MISS'),'.000'),CONCAT(TO_CHAR(SYSDATE,'YYYYMMDDHH24MISS'),'.000'));
INSERT INTO MNL_SHP_EVENT VALUES('3',30000116945855,CONCAT(TO_CHAR(SYSDATE,'YYYYMMDDHH24MISS'),'.000'),CONCAT(TO_CHAR(SYSDATE,'YYYYMMDDHH24MISS'),'.000'));
INSERT INTO MNL_SHP_EVENT VALUES('4',30000116945839,CONCAT(TO_CHAR(SYSDATE,'YYYYMMDDHH24MISS'),'.000'),CONCAT(TO_CHAR(SYSDATE,'YYYYMMDDHH24MISS'),'.000'));
INSERT INTO MNL_SHP_EVENT VALUES('5',30000116945837,CONCAT(TO_CHAR(SYSDATE,'YYYYMMDDHH24MISS'),'.000'),CONCAT(TO_CHAR(SYSDATE,'YYYYMMDDHH24MISS'),'.000'));

--Insert SR
INSERT INTO mnl_shp_sr VALUES('OOCL25416369100015','',CONCAT(TO_CHAR(SYSDATE,'YYYYMMDDHH24MISS'),'.000'),CONCAT(TO_CHAR(SYSDATE,'YYYYMMDDHH24MISS'),'.000'));
INSERT INTO mnl_shp_sr VALUES('OOCL25416369100011','',CONCAT(TO_CHAR(SYSDATE,'YYYYMMDDHH24MISS'),'.000'),CONCAT(TO_CHAR(SYSDATE,'YYYYMMDDHH24MISS'),'.000'));
INSERT INTO mnl_shp_sr VALUES('OOCL30872187100002','',CONCAT(TO_CHAR(SYSDATE,'YYYYMMDDHH24MISS'),'.000'),CONCAT(TO_CHAR(SYSDATE,'YYYYMMDDHH24MISS'),'.000'));
INSERT INTO mnl_shp_sr VALUES('OOCL30871960600006','',CONCAT(TO_CHAR(SYSDATE,'YYYYMMDDHH24MISS'),'.000'),CONCAT(TO_CHAR(SYSDATE,'YYYYMMDDHH24MISS'),'.000'));
INSERT INTO mnl_shp_sr VALUES('OOCL25416367500024','',CONCAT(TO_CHAR(SYSDATE,'YYYYMMDDHH24MISS'),'.000'),CONCAT(TO_CHAR(SYSDATE,'YYYYMMDDHH24MISS'),'.000'));

--Insert MNL_SHP_RTE data
INSERT INTO MNL_SHP_RTE (rte_id,nsso_rte_id,create_iodt,update_iodt) 
VALUES ('2445997292290419','201700101',CONCAT(TO_CHAR(SYSDATE,'YYYYMMDDHH24MISS'),'.000'),CONCAT(TO_CHAR(SYSDATE,'YYYYMMDDHH24MISS'),'.000'));

INSERT INTO MNL_SHP_RTE (rte_id,nsso_rte_id,create_iodt,update_iodt)  
VALUES ('2445998425290419','201700102',CONCAT(TO_CHAR(SYSDATE,'YYYYMMDDHH24MISS'),'.000'),CONCAT(TO_CHAR(SYSDATE,'YYYYMMDDHH24MISS'),'.000'));

INSERT INTO MNL_SHP_RTE (rte_id,nsso_rte_id,create_iodt,update_iodt) 
VALUES ('2445915488990419','201700103',CONCAT(TO_CHAR(SYSDATE,'YYYYMMDDHH24MISS'),'.000'),CONCAT(TO_CHAR(SYSDATE,'YYYYMMDDHH24MISS'),'.000'));

--Insert MNL_SHP_LEG data
INSERT INTO MNL_SHP_LEG (leg_id, rte_id, sr_num, from_event_id, to_event_id, create_iodt, update_iodt) 
VALUES ('1000100100','2445997292290419','OOCL25416369100015','5','4',CONCAT(TO_CHAR(SYSDATE,'YYYYMMDDHH24MISS'),'.000'),CONCAT(TO_CHAR(SYSDATE,'YYYYMMDDHH24MISS'),'.000'));
INSERT INTO MNL_SHP_LEG (leg_id, rte_id, sr_num, from_event_id, to_event_id, create_iodt, update_iodt) 
VALUES ('1000100200','2445997292290419',null,'3','1',CONCAT(TO_CHAR(SYSDATE,'YYYYMMDDHH24MISS'),'.000'),CONCAT(TO_CHAR(SYSDATE,'YYYYMMDDHH24MISS'),'.000'));
INSERT INTO MNL_SHP_LEG (leg_id, rte_id, sr_num, from_event_id, to_event_id, create_iodt, update_iodt) 
VALUES ('1000100300','2445997292290419',null,'5','4',CONCAT(TO_CHAR(SYSDATE,'YYYYMMDDHH24MISS'),'.000'),CONCAT(TO_CHAR(SYSDATE,'YYYYMMDDHH24MISS'),'.000'));

INSERT INTO MNL_SHP_LEG (leg_id, rte_id, sr_num, from_event_id, to_event_id, create_iodt, update_iodt)  
VALUES ('1000200100','2445998425290419',null,'5','4',CONCAT(TO_CHAR(SYSDATE,'YYYYMMDDHH24MISS'),'.000'),CONCAT(TO_CHAR(SYSDATE,'YYYYMMDDHH24MISS'),'.000'));
INSERT INTO MNL_SHP_LEG (leg_id, rte_id, sr_num, from_event_id, to_event_id, create_iodt, update_iodt)  
VALUES ('1000200200','2445998425290419',null,'3','1',CONCAT(TO_CHAR(SYSDATE,'YYYYMMDDHH24MISS'),'.000'),CONCAT(TO_CHAR(SYSDATE,'YYYYMMDDHH24MISS'),'.000'));
INSERT INTO MNL_SHP_LEG (leg_id, rte_id, sr_num, from_event_id, to_event_id, create_iodt, update_iodt)  
VALUES ('1000200300','2445998425290419',null,'3','1',CONCAT(TO_CHAR(SYSDATE,'YYYYMMDDHH24MISS'),'.000'),CONCAT(TO_CHAR(SYSDATE,'YYYYMMDDHH24MISS'),'.000'));
INSERT INTO MNL_SHP_LEG (leg_id, rte_id, sr_num, from_event_id, to_event_id, create_iodt, update_iodt)  
VALUES ('1000200400','2445998425290419','OOCL25416369100011','5','4',CONCAT(TO_CHAR(SYSDATE,'YYYYMMDDHH24MISS'),'.000'),CONCAT(TO_CHAR(SYSDATE,'YYYYMMDDHH24MISS'),'.000'));

INSERT INTO MNL_SHP_LEG (leg_id, rte_id, sr_num, from_event_id, to_event_id, create_iodt, update_iodt) 
VALUES ('1000300100','2445915488990419',null,'5','4',CONCAT(TO_CHAR(SYSDATE,'YYYYMMDDHH24MISS'),'.000'),CONCAT(TO_CHAR(SYSDATE,'YYYYMMDDHH24MISS'),'.000'));
INSERT INTO MNL_SHP_LEG (leg_id, rte_id, sr_num, from_event_id, to_event_id, create_iodt, update_iodt) 
VALUES ('1000300200','2445915488990419','OOCL30871960600006','3','1',CONCAT(TO_CHAR(SYSDATE,'YYYYMMDDHH24MISS'),'.000'),CONCAT(TO_CHAR(SYSDATE,'YYYYMMDDHH24MISS'),'.000'));
INSERT INTO MNL_SHP_LEG (leg_id, rte_id, sr_num, from_event_id, to_event_id, create_iodt, update_iodt) 
VALUES ('1000300300','2445915488990419',null,'5','4',CONCAT(TO_CHAR(SYSDATE,'YYYYMMDDHH24MISS'),'.000'),CONCAT(TO_CHAR(SYSDATE,'YYYYMMDDHH24MISS'),'.000'));

